id,active,category,trigger_pattern,language,extraction_target,example_input,expected_output,edge_cases
1,Y,met-context,"durch X / über X / via X",de,"update_person.how_we_met + add_relationships[label=Vermittelt durch]","„Hab ihn durch Nick kennengelernt""","{how_we_met: ""Durch Nick"", add_relationships: [{related_person_name: ""Nick"", label: ""Vermittelt durch""}]}","X muss als Person erkannt werden — wenn nicht in Liste: vorher create_person für X"
2,Y,met-context,"vor N Jahren / vor N Monaten",de,"update_person.met_date","„Kennengelernt vor 11 Jahren""","{met_date: ""2014-01-01""}","Nur Jahr → 01-01 als Default. Bei Monaten: current_month - N"
3,Y,met-context,"auf der X / bei X / in Y",de,"update_person.met_location","„Auf der Bauma 2024 in München""","{met_location: ""Bauma 2024""}","Stadt + Event: Event gewinnt. Mehrere Orte: ersten nehmen."
4,Y,met-context,"on the X / at X / through X",en,"update_person.how_we_met / met_location / introduced_by","„Met him at SXSW 2023""","{met_location: ""SXSW 2023""}","-"
5,Y,relationship,"X ist Vater von Y / X hat Tochter Y",de,"create_person(X).relationships[label=Vater, related_person_name=Y]","„Marvin ist Vater von Luna""","create_person Marvin + relationship {label: ""Vater"", related_person_name: ""Luna""}","Label aus Sicht des SUBJEKTS: Marvin → Vater VON Luna. NIEMALS umgekehrt"
6,Y,relationship,"X ist Bruder/Schwester von Y",de,"add_relationships[label=Bruder, related_person_name=Y]","„Lars ist Sebastians Bruder""","add_relationships [{label: ""Bruder"", related_person_name: ""Sebastian""}]","Symmetrisch — Server spiegelt auf Sebastian zurück"
7,Y,relationship,"X ist Frau/Mann von Y",de,"add_relationships[label=Ehepartner:in, related_person_name=Y]","„Maria ist die Frau von Felix""","add_relationships [{label: ""Ehepartner:in"", related_person_name: ""Felix""}]","Symmetrisch"
8,Y,relationship,"X ist mein/sein Mentor",de,"add_relationships[label=Mentor:in]","„Tom war mein Mentor bei Stripe""","add_relationships [{label: ""Mentor:in"", related_person_name: ""Tom""}]","Mentor → Mentee Mapping serverseitig"
9,Y,relationship,"X ist Kollege/Co-Founder von Y",de,"add_relationships[label=Kolleg:in oder Co-Founder:in]","„Sind Co-Founder""","add_relationships {label: ""Co-Founder:in""}","Symmetrisch"
10,Y,contact,"Telefon ist / Nummer / +49",de,"add_phones[{value, label=mobile}]","„Telefon +49 173 1234567""","add_phones [{value: ""+49 173 1234567"", label: ""mobile""}]","Default-Label „mobile"". Wenn „privat""/„arbeit""/„iPhone"" gesagt — entsprechend"
11,Y,contact,"Email lautet X / Mail an X",de,"add_emails[{value, label=persönlich}]","„Email ist felix@example.com""","add_emails [{value: ""felix@example.com"", label: ""persönlich""}]","Bei „arbeit-Mail"" Label=arbeit"
12,Y,contact,"LinkedIn-Handle X / linkedin.com/in/X",de,"add_socials[{platform=LinkedIn, handle_or_url}]","„LinkedIn /in/felix-schmitt""","add_socials [{platform: ""LinkedIn"", handle_or_url: ""felix-schmitt""}]","URL oder @handle akzeptiert"
13,Y,contact,"Instagram / Twitter / GitHub",de,"add_socials[{platform, handle_or_url}]","„@felix_codes auf GitHub""","add_socials [{platform: ""GitHub"", handle_or_url: ""felix_codes""}]","-"
14,Y,date,"Geburtstag am X / hat Geburtstag am X",de,"add_important_dates[{label=Geburtstag, date, remind=true}]","„Geburtstag am 26. März""","[{label: ""Geburtstag"", date: ""<current_year>-03-26"", remind: true}]","Jahr default = current_year, oder explizit wenn gesagt. remind default true"
15,Y,date,"Hochzeitstag am / Jahrestag",de,"add_important_dates[{label=Hochzeitstag, date}]","„Hochzeitstag am 14. Mai 2018""","[{label: ""Hochzeitstag"", date: ""2018-05-14"", remind: true}]","-"
16,Y,job,"arbeitet bei X als Y / ist Y bei X",de,"update_person.company=X, role=Y","„Arbeitet bei Stripe als Head of Sales""","{company: ""Stripe"", role: ""Head of Sales""}","Wenn nur „bei X"" — company. Wenn nur „als Y"" — role."
17,Y,job,"hat gegründet / Gründer von X",de,"update_person.role=Gründer, company=X","„Hat Stripe gegründet""","{company: ""Stripe"", role: ""Gründer""}","-"
18,Y,interaction,"Treffen mit X / Telefonat mit X",de,"log_interaction[type=meeting/call, person_ids/person_names]","„Treffen mit Marvin gestern""","log_interaction {type: ""meeting"", person_names: [""Marvin""], occurred_at: ""2026-05-13""}","„gestern""/„heute""/„vor 2 Tagen"" → relative ISO. Default: jetzt."
19,Y,interaction,"hab mit X gesprochen über Y",de,"log_interaction[type=call, summary=Y]","„Hab mit Sarah über Pricing gesprochen""","log_interaction {type: ""call"", summary: ""Pricing"", person_names: [""Sarah""]}","summary aus dem „über""-Teil"
20,Y,reminder,"in N Tagen / nächste Woche / am DD.MM.",de,"create_reminder[remind_at, text, recurrence=once]","„Erinnere mich nächste Woche Donnerstag""","create_reminder {remind_at: ""<next thursday>"", text: ""Reminder"", recurrence: ""once""}","„jeden""/„immer"" → recurrence=weekly/monthly/yearly"
21,Y,reminder,"jedes Jahr am X / jährlich",de,"create_reminder[recurrence=yearly]","„Jährlich am Tag vor Bauma fragen""","create_reminder {recurrence: ""yearly""}","-"
22,Y,todo,"muss noch / vergessen nicht zu / soll",de,"create_todo[text, due_date?, priority?]","„Muss Felix noch Pricing schicken""","create_todo {text: ""Pricing schicken"", person_names: [""Felix""]}","„dringend"" → priority=high"
23,Y,tag,"mag X / liebt X / interessiert sich für X",de,"add_tags[X]","„Mag klassische Musik""","add_tags: [""klassik"", ""musik""]","Multi-Tag erlaubt. Cluster default = interests (auf Detail-Page reklassifizierbar)"
24,Y,tag,"ist Veganer / vegetarisch / glutenfrei",de,"add_tags",„Marvin ist Veganer"",add_tags: [""vegan""],-
25,Y,tag,"spielt X / fährt X / macht X (Sport)",de,"add_tags",„Spielt Padel"",add_tags: [""padel""],-
26,Y,passion,"liebt X über alles / ist passioniert für X",de,"add_passions[X]","„Klassik ist seine Leidenschaft""","add_passions: [""klassik""]","Passion vs Tag: stärker emotional / identitätsstiftend. Max 5"
27,Y,circle,"ist im X-Network / gehört zu X / aus dem X-Kreis",de,"add_circles[X]","„Im YC W22 Batch""","add_circles: [""YC W22""]","Communities, Vereine, Programs"
28,Y,axis-purpose,"ist ein wichtiger Kunde / Business-Kontakt",de,"update_person.purpose=business_active","„Wichtiger Bestandskunde""","{purpose: ""business_active""}","Default = personal. Nur überschreiben wenn klar"
29,Y,axis-purpose,"will ich aktiv aufbauen / Vorbild",de,"update_person.purpose=aspirational","„Möchte ich aktiv aufbauen""","{purpose: ""aspirational""}","-"
30,Y,axis-depth,"einer meiner besten Freunde / steht mir nah",de,"update_person.depth=trusted_15",„Beste Freundin"",{depth: ""trusted_15""},"Depth_source bleibt auto wenn keine explizite Tiefe genannt"
31,Y,axis-mode,"sollte ich wieder anpacken / länger nichts gehört",de,"update_person.mode=reconnect","„Sollte ich wieder anrufen""","{mode: ""reconnect""}","-"
32,Y,axis-mode,"ist eingeschlafen / länger nicht / archiviert",de,"update_person.mode=dormant or archive","„Schon ein Jahr nichts gehört""","{mode: ""dormant""}","-"
33,Y,filter,"zeig mir alle / finde alle / wer ist",de,"query_people",„Zeig alle in München mit Padel"",query_people {location: ""münchen"", passion: ""padel""},"NICHT mit log_interaction verwechseln — keine person_id-Resolution"
34,Y,filter,"wer hat Tag X / wer ist im Kreis Y",de,"query_people[tag/circle]","„Wer ist im Stammtisch?""","query_people {circle: ""Stammtisch""}","-"
35,Y,filter,"wer hat Geburtstag diese Woche",de,"query_people OR direkt zu /heute redirecten","„Geburtstage diese Woche?""","query_people, Voice-Antwort nennt die Treffer","-"
36,Y,location,"wohnt in X / lebt in X / kommt aus X",de,"update_person.current_location / home_location","„Wohnt in Berlin, kommt aus Hamburg""","{current_location: ""Berlin"", home_location: ""Hamburg""}","„wohnt"" → current; „kommt aus""/„aus X""/„geboren in"" → home"
37,Y,passive-anti-notes,"Beziehungen, Daten, Kontakte → NIEMALS in notes",de,"-",-,-,"Wenn ein anderer Trigger passt, der hat Vorrang. notes ist letzte Wahl."
38,N,smart-suggestions,"wenn N Interaktionen seit M Tagen → suggest depth_change",de,"create suggestion (suggestion-engine)","„X hatte 8 Interaktionen letzten Monat""","-","Suggestion-System läuft eh server-side, aber Voice könnte explizit triggern"
39,Y,explicit-cluster,"wichtig: X ist Signal / X ist Origin",de,"add_tags + cluster=signal/origin","„Wichtig: kind-2025-geboren als Signal""","add_tags mit forced cluster","Standard wäre interests — User kann explizit anderen Cluster anweisen"
40,N,multi-person,"Felix und Marvin haben ...",de,"log_interaction mit person_names=[Felix, Marvin]","„Hab mich mit Felix und Marvin getroffen""","log_interaction {person_names: [""Felix"", ""Marvin""]}","Beide müssen erkennbar sein"
